,from,to,R,X,Imax
0,0.0,1.0,0.01664,0.0064,270.0
1,1.0,2.0,0.01664,0.0064,270.0
2,2.0,3.0,0.01664,0.0064,270.0
